city,pctPoverty,meanRisk
"Denver, CO",0.05247169290251312,0.052934602409743486
"Denver, CO",0.08682008368200837,0.06630782409484753
"Denver, CO",0.20725933719095213,0.07079582209314793
"Denver, CO",0.06874095513748191,0.029113022265353727
"Denver, CO",0.02035416242621616,0.025355979258157264
"Denver, CO",0.043912175648702596,0.026436993018214117
"Denver, CO",0.08543458914268763,0.05197221064711055
"Denver, CO",0.028299459737586827,0.032957451890679286
"Denver, CO",0.0898921294446664,0.06277003038476131
"Denver, CO",0.10413311862587225,0.07868966033769272
"Denver, CO",0.1281055900621118,0.061623770010660196
"Denver, CO",0.05056669572798605,0.05942155765417545
"Denver, CO",0.09696092619392185,0.10510343588198648
"Denver, CO",0.16497557309282224,0.06377615884477025
"Denver, CO",0.07928151130380923,0.07575027904079187
"Denver, CO",0.22666666666666666,0.079535818806268
"Denver, CO",0.3224608857067091,0.0907715933598293
"Denver, CO",0.4884393063583815,0.10651506709636649
"Denver, CO",0.06534422403733955,0.023011795962484434
"Denver, CO",0.22165682882149398,0.04586497376510743
"Denver, CO",0.2563457580608278,0.056989340402179046
"Denver, CO",0.18020833333333333,0.07685260105000807
"Denver, CO",0.2317175679462034,0.11249419567103096
"Denver, CO",0.07981580966999233,0.06839426309892159
"Denver, CO",0.06189194783688677,0.0783770026830021
"Denver, CO",0.10720448662640207,0.07946710885833778
"Denver, CO",0.12586405529953917,0.12645997507470116
"Denver, CO",0.22762148337595908,0.07836976327800821
"Denver, CO",0.24427096449257113,0.057389312425191664
"Denver, CO",0.07144706186901371,0.055564641484010496
"Denver, CO",0.28064085447263015,0.22380104892794506
"Denver, CO",0.10986301369863014,0.10246733021500154
"Denver, CO",0.08339173090399439,0.0750897629146419
"Denver, CO",0.20642367376398413,0.06054222380491557
"Denver, CO",0.07818791946308724,0.08229452277132249
"Denver, CO",0.16273335681578022,0.046673133859939424
"Denver, CO",0.07637420718816068,0.06684295899744568
"Denver, CO",0.17651725505751686,0.04222993057000042
"Denver, CO",0.14067278287461774,0.037703030256048084
"Denver, CO",0.1894578313253012,0.03300130166620167
"Denver, CO",0.24141602342294383,0.07092972911914759
"Denver, CO",0.11394176931690929,0.033705627320794206
"Denver, CO",0.08359423919849718,0.04358471028624926
"Denver, CO",0.04252199413489736,0.08739604031057838
"Denver, CO",0.17593880389429764,0.10593124659708641
"Denver, CO",0.11413673232908458,0.06924444972777323
"Denver, CO",0.152,0.07425495380855464
"Denver, CO",0.24632768361581922,0.061367508298538646
"Denver, CO",0.13655913978494624,0.04747601061814214
"Denver, CO",0.07734806629834254,0.04900274378337157
"Denver, CO",0.37310098302055406,0.038397233742457654
"Denver, CO",0.09935602575896964,0.029388575125556482
"Denver, CO",0.13528539659006672,0.025088335589880363
"Denver, CO",0.06280048076923077,0.027270820277726385
"Denver, CO",0.06285206048028462,0.022575095513249974
"Denver, CO",0.07976424361493124,0.028939434864761377
"Denver, CO",0.06951219512195123,0.02313894294106055
"Denver, CO",0.06836461126005362,0.04187700221081453
"Denver, CO",0.0665698880132725,0.06151202436168856
"Denver, CO",0.09596510359869138,0.06523706472185677
"Denver, CO",0.029748992872637124,0.07786814499570545
"Denver, CO",0.07047872340425532,0.09765277016768223
"Denver, CO",0.07207207207207207,0.11342092232413388
"Denver, CO",0.08139104698483167,0.02156772501391678
"Denver, CO",0.11571025399811853,0.0529807614959633
"Denver, CO",0.11880088823094004,0.01766460797152251
"Denver, CO",0.06229410002994909,0.110846938771818
"Denver, CO",0.06017651778550415,0.059679274992992144
"Denver, CO",0.07830985915492958,0.09562637813074344
"Denver, CO",0.19956033219345384,0.06599636129676704
"Denver, CO",0.09065849923430322,0.03134046936436638
"Denver, CO",0.040229885057471264,0.046432394274851144
"Denver, CO",0.06551571491810536,0.040704754845689764
"Denver, CO",0.10211591536338546,0.029500357847217735
"Denver, CO",0.02181709503885236,0.02559923669594406
"Denver, CO",0.06265664160401002,0.0787490638126597
"Denver, CO",0.026029924164787867,0.07973259384791712
"Denver, CO",0.1948130277442702,0.22818787650180838
"Denver, CO",0.16626506024096385,0.14802863566119076
"Denver, CO",0.10162235241099594,0.09293155502130987
"Denver, CO",0.29492039423805916,0.06985871941559549
"Denver, CO",0.077035307849431,0.09780813110120659
"Denver, CO",0.12945335871634484,0.10976881254221205
"Denver, CO",0.10737279335410177,0.0440914349021096
"Denver, CO",0.1217018469656992,0.057867029471054335
"Denver, CO",0.08289676425269646,0.029339439812571273
"Denver, CO",0.02391304347826087,0.015733485404866968
"Denver, CO",0.08145275035260931,0.03129588167215069
"Denver, CO",0.07163053722902922,0.021059710001480988
"Denver, CO",0.02010516548097742,0.01765918259914418
"Denver, CO",0.010071942446043165,0.007341290275748332
"Denver, CO",0.05625657202944269,0.0017615972355647623
"Denver, CO",0.26157595450852966,0.01638982825547769
"Denver, CO",0.170080142475512,0.0141984686961802
"Denver, CO",0.20262390670553937,0.05527811793589119
"Denver, CO",0.1746682750301568,0.09239382874832033
"Denver, CO",0.03527336860670194,0.03137646473743572
"Denver, CO",0.12629574783160566,0.014307970072543131
"Denver, CO",0.03689392995138976,0.061456361798346744
"Denver, CO",0.022907239819004523,0.04245559103055341
"Denver, CO",0.07133757961783439,0.06618287093025065
"Denver, CO",0.04473950064944436,0.12843668259742286
"Denver, CO",0.03333900323184215,0.016331257675958295
"Denver, CO",0.04299947561615102,0.08305835293033866
"Denver, CO",0.023464163822525596,0.041076601790026035
"Denver, CO",0.04665216340343244,0.010817765985449136
"Denver, CO",0.03860355824102048,0.01942524861070926
"Denver, CO",0.015501839201261167,0.006637849485827563
"Denver, CO",0.02350388718134153,0.007260202651445475
"Denver, CO",0.06796536796536796,0.04689527865774904
"Denver, CO",0.049510193275086045,0.024550766978659436
"Denver, CO",0.05879506411807404,0.010599216482964819
"Denver, CO",0.06651884700665188,0.007219861965751664
"Denver, CO",0.06485516534221994,0.00860564592776868
"Denver, CO",0.28936170212765955,0.00614651521667346
"Denver, CO",0.020991865652059828,0.008220504511579772
"Denver, CO",0.1157079281358167,0.011077536141841189
"Denver, CO",0.2977933143980773,0.022265488741727176
"Denver, CO",0.25447112927950943,0.024907225627206556
"Denver, CO",0.3360058309037901,0.040876750837088215
"Denver, CO",0.24032,0.036198869187273296
"Denver, CO",0.13146305659761867,0.021582610807780848
"Denver, CO",0.24845841479921793,0.03649993526869206
"Denver, CO",0.09927692007035373,0.01993887577639956
"Denver, CO",0.16628939578617447,0.01859716668229975
"Denver, CO",0.024595687331536387,0.03573511504323521
"Denver, CO",0.0970414201183432,0.008158256799742252
"Denver, CO",0.10630975143403441,0.01119237435247486
"Denver, CO",0.1605577689243028,0.010056888295365763
"Denver, CO",0.02740476842970677,0.004046606553075329
"Denver, CO",0.12616279069767442,0.004484050104360355
"Denver, CO",0.06439169139465875,0.005217998290090842
"Denver, CO",0.10510046367851623,0.007928713099105466
"Denver, CO",0.12360211889346674,0.019101061156614692
"Denver, CO",0.11071652391894715,0.014117355662262847
"Denver, CO",0.06741573033707865,2.3606604148471367e-4
"Denver, CO",0.02938418255704908,1.48847576982034e-4
"Denver, CO",0.15059952038369304,3.400190147263176e-4
"Denver, CO",0.09060159458806474,0.0023854700708766216
"Denver, CO",0.07194560210572494,7.978558081481799e-4
"Denver, CO",0.2773604060913706,5.005909791845297e-4
"Denver, CO",0.008952551477170993,9.563608277796361e-4
"Denver, CO",0.10475142175747569,3.9025889751822276e-4
"Denver, CO",0.005265677357587362,9.680737017427315e-4
"Denver, CO",0.18579990779160904,7.098110011501696e-4
"Denver, CO",0.16642958748221906,0.003882347113700697
"Denver, CO",0.15457936179030252,0.002412128930800919
"Denver, CO",0.14969640354974312,2.0774208780586102e-4
"Denver, CO",0.14449877750611248,0.007072694630531007
"Denver, CO",0.19491525423728814,0.006123459354673333
"Denver, CO",0.09635577516985794,0.011873515448211603
"Denver, CO",0.1337854500616523,0.017859458489386554
"Denver, CO",0.1694083694083694,0.012200772189774396
"Denver, CO",0.1566021381103727,0.008571770700423392
"Denver, CO",0.16312346688470972,0.0053765533381799
"Denver, CO",0.18512582144574452,0.010902989443629009
"Denver, CO",0.08231620777746239,0.009836125250951618
"Denver, CO",0.12985710704437203,0.0026958192457997663
"Denver, CO",0.1311057836379982,0.004704682328145526
"Denver, CO",0.05910214168039539,8.789526538446824e-4
"Denver, CO",0.01851380582771345,7.423383553977534e-5
"Denver, CO",0.08971620384498016,9.13513668580954e-5
"Denver, CO",0.053632236095346196,2.3468491176984837e-5
"Denver, CO",0.050282195997947664,0.02442855930470274
"Denver, CO",0.05892857142857143,0.012555455650056078
"Denver, CO",0.062071917808219176,0.013574999631725494
"Denver, CO",0.020119225037257823,0.007205300963692928
"Denver, CO",0.09329140461215933,0.002715116815872051
"Denver, CO",0.04328523862375139,0.0012382521959480835
"Denver, CO",0.09896640826873385,0.00713484902606917
"Denver, CO",0.1419074405522884,0.0840667803914765
"Denver, CO",0.09171597633136094,0.005385435408153329
"Denver, CO",0.12506849315068494,0.025250353483674326
"Denver, CO",0.053454545454545456,0.024706717804424298
"Denver, CO",0.20537897310513448,1.47185514330743e-4
"Denver, CO",0.09375,0.07901670746694149
"Minneapolis, MN",0.17444152431011828,0.026118991875511158
"Minneapolis, MN",0.0979276716781796,0.20269262394514226
"Minneapolis, MN",0.11246786632390746,0.005286331796290648
"Minneapolis, MN",0.04001952171791118,1.031408994550223e-4
"Minneapolis, MN",0.04436860068259386,1.3658099793407462e-11
"Minneapolis, MN",0.12374429223744292,9.65992339942103e-7
"Minneapolis, MN",0.10349462365591398,0.2737307481672107
"Minneapolis, MN",0.30194319880418535,4.500751223851377e-4
"Minneapolis, MN",0.0412725709372313,0.27219310864295543
"Minneapolis, MN",0.21894171779141106,0.08999017388722214
"Minneapolis, MN",0.2585590189064895,0.13914534754508784
"Minneapolis, MN",0.20249810749432248,2.0797020847531986e-4
"Minneapolis, MN",0.17539362870743316,0.35898989677885956
"Minneapolis, MN",0.6867888748419722,0.2407878327661848
"Minneapolis, MN",0.4401896425966448,0.0018352028384256204
"Minneapolis, MN",0.3002536461636018,5.883386303472638e-5
"Minneapolis, MN",0.28898743532889876,0.0019938334784578233
"Minneapolis, MN",0.08287477071869268,0.004587590892071485
"Minneapolis, MN",0.2552255225522552,1.3373570266826005e-5
"Minneapolis, MN",0.15202610824041338,0.007899611800398488
"Minneapolis, MN",0.29535637149028077,2.847839527016743e-5
"Minneapolis, MN",0.3300699300699301,4.082392991856797e-4
"Minneapolis, MN",0.07894736842105263,0.009186266081796223
"Minneapolis, MN",0.1321791701016763,0.10293877265852143
"Minneapolis, MN",0.07431340872374798,0.004468165532460755
"Minneapolis, MN",0.17769207950163157,0.07166962711324418
"Minneapolis, MN",0.016487000634115408,0.08648219185224905
"Minneapolis, MN",0.043207473725184894,0.0513897120610016
"Minneapolis, MN",0.025760482323924364,0.0029143694519242255
"Minneapolis, MN",0.049272402348736276,0.07893636061564609
"Minneapolis, MN",0.019559902200488997,0.06018999503863114
"Minneapolis, MN",0.01750498559716375,0.22399141260850428
"Minneapolis, MN",0.04965585054080629,0.22865272671302475
"Minneapolis, MN",0.013862928348909658,0.03530128545132974
"Minneapolis, MN",0.14839644863199855,0.1087725477757453
"Minneapolis, MN",0.25574425574425574,0.07879777902917513
"Minneapolis, MN",0.039750141964792735,0.004531467914875915
"Minneapolis, MN",0.017375116351225565,4.8768242557789414e-14
"Minneapolis, MN",0.018591772151898733,1.215412406771193e-12
"Minneapolis, MN",0.16666666666666666,0.07931171914165426
"Minneapolis, MN",0.14547908232118759,0.12478521940591837
"Minneapolis, MN",0.05381067428069405,0.050627983786609265
"Minneapolis, MN",0.20127474002012746,2.149855107952488e-4
"Minneapolis, MN",0.04046692607003891,0.19220769206679483
"Minneapolis, MN",0.017722640673460344,0.21433233329576717
"Minneapolis, MN",0.11158432708688246,0.09520117450617692
"Minneapolis, MN",0.01263243683781581,0.1598697939923119
"Minneapolis, MN",0.06519898391193904,0.0065672768601102265
"Minneapolis, MN",0.059931506849315065,0.0042514306458784025
"Minneapolis, MN",0.030067895247332686,0.0010229685450045005
"Minneapolis, MN",0.01733102253032929,9.364930749909317e-4
"Minneapolis, MN",0.01271420674405749,0.002313581913962692
"Minneapolis, MN",0.009097270818754374,5.939872306213419e-4
"Minneapolis, MN",0.10277777777777777,2.9005295898282854e-4
"Minneapolis, MN",0.05548926014319809,0.0999940636980758
"Minneapolis, MN",0.050693448110951694,0.05583571274615505
"Minneapolis, MN",0.05465717981888745,0.048566320347744954
"Minneapolis, MN",0.058792372881355935,0.04979020624824733
"Minneapolis, MN",0.09857453491181445,0.0376074057891946
"Minneapolis, MN",0.24074074074074073,0.132892980518734
"Minneapolis, MN",0.14270668773038442,0.18393566494708688
"Minneapolis, MN",0.06889226100151745,0.001186124588373763
"Minneapolis, MN",0.10047846889952153,8.021002037833396e-6
"Minneapolis, MN",0.1684322033898305,0.18792552016141148
"Minneapolis, MN",0.040958427196395655,2.1767430517061876e-9
"Minneapolis, MN",0.31126482213438733,6.8830561727205515e-6
"Minneapolis, MN",0.4643779992617202,0.1822818630234688
"Minneapolis, MN",0.18169552507308298,0.001237226547396957
"Minneapolis, MN",0.18159509202453988,1.5989382411054255e-6
"Minneapolis, MN",0.1651376146788991,4.629447640778245e-4
"Minneapolis, MN",0.3296662999633297,1.710468741816451e-5
"Minneapolis, MN",0.07245362268113406,0.0010394660956992516
"Minneapolis, MN",0.19121084618980833,1.579033843790398e-4
"Minneapolis, MN",0.2576549663928305,9.795618429014445e-5
"Minneapolis, MN",0.0702576112412178,0.2998299099625448
"Minneapolis, MN",0.0943231441048035,0.009182871716230095
"Minneapolis, MN",0.27416798732171155,0.0010026952733407752
"Minneapolis, MN",0.08514605344934742,0.31181551286456133
"Minneapolis, MN",0.12408936376881982,0.2626917969092438
"Minneapolis, MN",0.7045454545454546,0.09429847417770876
"Minneapolis, MN",0.4091246290801187,4.4699530718039185e-4
"Minneapolis, MN",0.22035040431266847,1.114916457067871e-4
"Minneapolis, MN",0.38372392480041206,0.03033482548446762
"Minneapolis, MN",0.2802303262955854,0.006336630302458173
"Minneapolis, MN",0.5997536945812808,0.010173161435304674
"Minneapolis, MN",0.35687453042824946,0.44121113936348993
"Minneapolis, MN",0.6658521686010995,0.39790263620954175
"Minneapolis, MN",0.4965002333177788,0.28612838223069936
"Minneapolis, MN",0.08559882439382807,0.07204283288608992
"Minneapolis, MN",0.1585445094217024,0.10537749018447376
"Minneapolis, MN",0.17758749069247953,0.052672278652130276
"Minneapolis, MN",0.19005847953216373,0.0069487292371355185
"Minneapolis, MN",0.050473186119873815,0.03148078129323578
"Minneapolis, MN",0.17180261832829807,0.08357444330041053
"Minneapolis, MN",0.1619047619047619,0.003192031996866177
"Minneapolis, MN",0.32043795620437954,9.592381058608226e-4
"Minneapolis, MN",0.2808641975308642,0.025350888512481795
"Minneapolis, MN",0.18311944718657452,0.45469485017254285
"Minneapolis, MN",0.020399305555555556,0.11282155263825268
"Minneapolis, MN",0.022533022533022532,0.07903763753903932
"Minneapolis, MN",0.11447128069819362,0.03245886574228837
"Minneapolis, MN",0.29741019214703424,3.85549172800909e-4
"Minneapolis, MN",0.24928885440910267,5.028561064772993e-5
"Minneapolis, MN",0.14323189926547744,0.021121830158192318
"Minneapolis, MN",0.10504201680672269,0.16525173064008283
"Minneapolis, MN",0.04046242774566474,0.39033503414753573
"Minneapolis, MN",0.06750823271130625,0.14031964220205648
"Minneapolis, MN",0.27984044185332924,0.006475327162494414
"Minneapolis, MN",0.12071734475374732,3.7323479031917616e-4
"Minneapolis, MN",0.16306884480746792,1.034899352671382e-4
"Minneapolis, MN",0.07488622258998759,3.555879648366653e-4
"Minneapolis, MN",0.005577244841048522,0.3282122668333551
"Minneapolis, MN",0.07984790874524715,0.13224104427955338
"Minneapolis, MN",0.07633117882425362,0.008458167606840646
"Minneapolis, MN",0.07211915338385158,4.3230021881918794e-5
"Minneapolis, MN",0.06068204613841525,2.9855739265691465e-4
"Minneapolis, MN",0.06882406563354604,0.07179822411478412
"Minneapolis, MN",0.02871034961796712,0.005066862563209023
"Minneapolis, MN",0.053783284998681784,0.11770582407419686
"Minneapolis, MN",0.23927178153446033,2.9659591922823855e-5
"Minneapolis, MN",0.05791884816753927,0.015858328089266897
"Minneapolis, MN",0.02441176470588235,0.07555559130621811
"Minneapolis, MN",0.07947976878612717,0.004012691408539989
"Minneapolis, MN",0.03726082578046324,0.47979361603081117
"Minneapolis, MN",0.0525092936802974,3.2861217457258e-4
"Minneapolis, MN",0.1363359707851491,4.8225521234452864e-5
"Minneapolis, MN",0.03158472946992585,0.164076807129548
"Minneapolis, MN",0.034074501876985276,0.002238806997106809
"Minneapolis, MN",0.05312619869581895,0.012710754468581244
"Minneapolis, MN",0.031164976502597082,0.010542515599995306
"Minneapolis, MN",0.04151689432063264,0.012429531292864306
"Minneapolis, MN",0.017062766605728214,0.07745594416794703
"Minneapolis, MN",0.33720330237358104,0.18627357069498768
"Minneapolis, MN",0.20505456634118321,2.9172531875452073e-6
"Minneapolis, MN",0.42023663810689516,0.005984326558999671
"Minneapolis, MN",0.27846395688300024,5.011720913059505e-4
"Minneapolis, MN",0.29245647969052224,0.0010733845349325142
"Minneapolis, MN",0.024247164646069613,0.3903905406631761
"Minneapolis, MN",0.11069872518960787,0.23904791826403315
"Minneapolis, MN",0.1896067415730337,0.04603752385263412
"Minneapolis, MN",0.0262572318647085,0.27685791523109454
"Minneapolis, MN",0.3091286307053942,0.17078546417928062
"Minneapolis, MN",0.29357798165137616,0.3639195989160734
